{"name":"example","classpathEntries":[{"kind":"binary","path":"C:\\Program Files\\Java\\jdk1.8.0_171\\jre\\lib\\resources.jar","javadocContainerUrl":"https://docs.oracle.com/javase/1/docs/api/","isSystem":true,"isOwn":false,"isTest":false,"isJavaContent":false},{"kind":"binary","path":"C:\\Program Files\\Java\\jdk1.8.0_171\\jre\\lib\\rt.jar","javadocContainerUrl":"https://docs.oracle.com/javase/1/docs/api/","isSystem":true,"isOwn":false,"isTest":false,"isJavaContent":false},{"kind":"binary","path":"C:\\Program Files\\Java\\jdk1.8.0_171\\jre\\lib\\jsse.jar","javadocContainerUrl":"https://docs.oracle.com/javase/1/docs/api/","isSystem":true,"isOwn":false,"isTest":false,"isJavaContent":false},{"kind":"binary","path":"C:\\Program Files\\Java\\jdk1.8.0_171\\jre\\lib\\jce.jar","javadocContainerUrl":"https://docs.oracle.com/javase/1/docs/api/","isSystem":true,"isOwn":false,"isTest":false,"isJavaContent":false},{"kind":"binary","path":"C:\\Program Files\\Java\\jdk1.8.0_171\\jre\\lib\\charsets.jar","javadocContainerUrl":"https://docs.oracle.com/javase/1/docs/api/","isSystem":true,"isOwn":false,"isTest":false,"isJavaContent":false},{"kind":"binary","path":"C:\\Program Files\\Java\\jdk1.8.0_171\\jre\\lib\\jfr.jar","javadocContainerUrl":"https://docs.oracle.com/javase/1/docs/api/","isSystem":true,"isOwn":false,"isTest":false,"isJavaContent":false},{"kind":"binary","path":"C:\\Users\\anutiwar\\.m2\\repository\\org\\springframework\\boot\\spring-boot-starter-web\\1.5.8.RELEASE\\spring-boot-starter-web-1.5.8.RELEASE.jar","sourceContainerUrl":"file:/C:/Users/anutiwar/.m2/repository/org/springframework/boot/spring-boot-starter-web/1.5.8.RELEASE/spring-boot-starter-web-1.5.8.RELEASE-sources.jar","isSystem":false,"isOwn":false,"isTest":false,"isJavaContent":false},{"kind":"binary","path":"C:\\Users\\anutiwar\\.m2\\repository\\org\\springframework\\boot\\spring-boot-starter\\1.5.8.RELEASE\\spring-boot-starter-1.5.8.RELEASE.jar","sourceContainerUrl":"file:/C:/Users/anutiwar/.m2/repository/org/springframework/boot/spring-boot-starter/1.5.8.RELEASE/spring-boot-starter-1.5.8.RELEASE-sources.jar","isSystem":false,"isOwn":false,"isTest":false,"isJavaContent":false},{"kind":"binary","path":"C:\\Users\\anutiwar\\.m2\\repository\\org\\springframework\\boot\\spring-boot-starter-logging\\1.5.8.RELEASE\\spring-boot-starter-logging-1.5.8.RELEASE.jar","sourceContainerUrl":"file:/C:/Users/anutiwar/.m2/repository/org/springframework/boot/spring-boot-starter-logging/1.5.8.RELEASE/spring-boot-starter-logging-1.5.8.RELEASE-sources.jar","isSystem":false,"isOwn":false,"isTest":false,"isJavaContent":false},{"kind":"binary","path":"C:\\Users\\anutiwar\\.m2\\repository\\ch\\qos\\logback\\logback-classic\\1.1.11\\logback-classic-1.1.11.jar","sourceContainerUrl":"file:/C:/Users/anutiwar/.m2/repository/ch/qos/logback/logback-classic/1.1.11/logback-classic-1.1.11-sources.jar","javadocContainerUrl":"file:/C:/Users/anutiwar/.m2/repository/ch/qos/logback/logback-classic/1.1.11/logback-classic-1.1.11-javadoc.jar","isSystem":false,"isOwn":false,"isTest":false,"isJavaContent":false},{"kind":"binary","path":"C:\\Users\\anutiwar\\.m2\\repository\\ch\\qos\\logback\\logback-core\\1.1.11\\logback-core-1.1.11.jar","sourceContainerUrl":"file:/C:/Users/anutiwar/.m2/repository/ch/qos/logback/logback-core/1.1.11/logback-core-1.1.11-sources.jar","javadocContainerUrl":"file:/C:/Users/anutiwar/.m2/repository/ch/qos/logback/logback-core/1.1.11/logback-core-1.1.11-javadoc.jar","isSystem":false,"isOwn":false,"isTest":false,"isJavaContent":false},{"kind":"binary","path":"C:\\Users\\anutiwar\\.m2\\repository\\org\\slf4j\\jul-to-slf4j\\1.7.25\\jul-to-slf4j-1.7.25.jar","sourceContainerUrl":"file:/C:/Users/anutiwar/.m2/repository/org/slf4j/jul-to-slf4j/1.7.25/jul-to-slf4j-1.7.25-sources.jar","javadocContainerUrl":"file:/C:/Users/anutiwar/.m2/repository/org/slf4j/jul-to-slf4j/1.7.25/jul-to-slf4j-1.7.25-javadoc.jar","isSystem":false,"isOwn":false,"isTest":false,"isJavaContent":false},{"kind":"binary","path":"C:\\Users\\anutiwar\\.m2\\repository\\org\\slf4j\\log4j-over-slf4j\\1.7.25\\log4j-over-slf4j-1.7.25.jar","sourceContainerUrl":"file:/C:/Users/anutiwar/.m2/repository/org/slf4j/log4j-over-slf4j/1.7.25/log4j-over-slf4j-1.7.25-sources.jar","javadocContainerUrl":"file:/C:/Users/anutiwar/.m2/repository/org/slf4j/log4j-over-slf4j/1.7.25/log4j-over-slf4j-1.7.25-javadoc.jar","isSystem":false,"isOwn":false,"isTest":false,"isJavaContent":false},{"kind":"binary","path":"C:\\Users\\anutiwar\\.m2\\repository\\org\\yaml\\snakeyaml\\1.17\\snakeyaml-1.17.jar","sourceContainerUrl":"file:/C:/Users/anutiwar/.m2/repository/org/yaml/snakeyaml/1.17/snakeyaml-1.17-sources.jar","javadocContainerUrl":"file:/C:/Users/anutiwar/.m2/repository/org/yaml/snakeyaml/1.17/snakeyaml-1.17-javadoc.jar","isSystem":false,"isOwn":false,"isTest":false,"isJavaContent":false},{"kind":"binary","path":"C:\\Users\\anutiwar\\.m2\\repository\\org\\hibernate\\hibernate-validator\\5.3.5.Final\\hibernate-validator-5.3.5.Final.jar","sourceContainerUrl":"file:/C:/Users/anutiwar/.m2/repository/org/hibernate/hibernate-validator/5.3.5.Final/hibernate-validator-5.3.5.Final-sources.jar","isSystem":false,"isOwn":false,"isTest":false,"isJavaContent":false},{"kind":"binary","path":"C:\\Users\\anutiwar\\.m2\\repository\\javax\\validation\\validation-api\\1.1.0.Final\\validation-api-1.1.0.Final.jar","sourceContainerUrl":"file:/C:/Users/anutiwar/.m2/repository/javax/validation/validation-api/1.1.0.Final/validation-api-1.1.0.Final-sources.jar","javadocContainerUrl":"file:/C:/Users/anutiwar/.m2/repository/javax/validation/validation-api/1.1.0.Final/validation-api-1.1.0.Final-javadoc.jar","isSystem":false,"isOwn":false,"isTest":false,"isJavaContent":false},{"kind":"binary","path":"C:\\Users\\anutiwar\\.m2\\repository\\org\\jboss\\logging\\jboss-logging\\3.3.1.Final\\jboss-logging-3.3.1.Final.jar","sourceContainerUrl":"file:/C:/Users/anutiwar/.m2/repository/org/jboss/logging/jboss-logging/3.3.1.Final/jboss-logging-3.3.1.Final-sources.jar","javadocContainerUrl":"file:/C:/Users/anutiwar/.m2/repository/org/jboss/logging/jboss-logging/3.3.1.Final/jboss-logging-3.3.1.Final-javadoc.jar","isSystem":false,"isOwn":false,"isTest":false,"isJavaContent":false},{"kind":"binary","path":"C:\\Users\\anutiwar\\.m2\\repository\\com\\fasterxml\\classmate\\1.3.4\\classmate-1.3.4.jar","sourceContainerUrl":"file:/C:/Users/anutiwar/.m2/repository/com/fasterxml/classmate/1.3.4/classmate-1.3.4-sources.jar","javadocContainerUrl":"file:/C:/Users/anutiwar/.m2/repository/com/fasterxml/classmate/1.3.4/classmate-1.3.4-javadoc.jar","isSystem":false,"isOwn":false,"isTest":false,"isJavaContent":false},{"kind":"binary","path":"C:\\Users\\anutiwar\\.m2\\repository\\com\\fasterxml\\jackson\\core\\jackson-databind\\2.8.10\\jackson-databind-2.8.10.jar","sourceContainerUrl":"file:/C:/Users/anutiwar/.m2/repository/com/fasterxml/jackson/core/jackson-databind/2.8.10/jackson-databind-2.8.10-sources.jar","javadocContainerUrl":"file:/C:/Users/anutiwar/.m2/repository/com/fasterxml/jackson/core/jackson-databind/2.8.10/jackson-databind-2.8.10-javadoc.jar","isSystem":false,"isOwn":false,"isTest":false,"isJavaContent":false},{"kind":"binary","path":"C:\\Users\\anutiwar\\.m2\\repository\\com\\fasterxml\\jackson\\core\\jackson-annotations\\2.8.0\\jackson-annotations-2.8.0.jar","sourceContainerUrl":"file:/C:/Users/anutiwar/.m2/repository/com/fasterxml/jackson/core/jackson-annotations/2.8.0/jackson-annotations-2.8.0-sources.jar","javadocContainerUrl":"file:/C:/Users/anutiwar/.m2/repository/com/fasterxml/jackson/core/jackson-annotations/2.8.0/jackson-annotations-2.8.0-javadoc.jar","isSystem":false,"isOwn":false,"isTest":false,"isJavaContent":false},{"kind":"binary","path":"C:\\Users\\anutiwar\\.m2\\repository\\com\\fasterxml\\jackson\\core\\jackson-core\\2.8.10\\jackson-core-2.8.10.jar","sourceContainerUrl":"file:/C:/Users/anutiwar/.m2/repository/com/fasterxml/jackson/core/jackson-core/2.8.10/jackson-core-2.8.10-sources.jar","javadocContainerUrl":"file:/C:/Users/anutiwar/.m2/repository/com/fasterxml/jackson/core/jackson-core/2.8.10/jackson-core-2.8.10-javadoc.jar","isSystem":false,"isOwn":false,"isTest":false,"isJavaContent":false},{"kind":"binary","path":"C:\\Users\\anutiwar\\.m2\\repository\\org\\springframework\\spring-web\\4.3.12.RELEASE\\spring-web-4.3.12.RELEASE.jar","sourceContainerUrl":"file:/C:/Users/anutiwar/.m2/repository/org/springframework/spring-web/4.3.12.RELEASE/spring-web-4.3.12.RELEASE-sources.jar","javadocContainerUrl":"file:/C:/Users/anutiwar/.m2/repository/org/springframework/spring-web/4.3.12.RELEASE/spring-web-4.3.12.RELEASE-javadoc.jar","isSystem":false,"isOwn":false,"isTest":false,"isJavaContent":false},{"kind":"binary","path":"C:\\Users\\anutiwar\\.m2\\repository\\org\\springframework\\spring-aop\\4.3.12.RELEASE\\spring-aop-4.3.12.RELEASE.jar","sourceContainerUrl":"file:/C:/Users/anutiwar/.m2/repository/org/springframework/spring-aop/4.3.12.RELEASE/spring-aop-4.3.12.RELEASE-sources.jar","javadocContainerUrl":"file:/C:/Users/anutiwar/.m2/repository/org/springframework/spring-aop/4.3.12.RELEASE/spring-aop-4.3.12.RELEASE-javadoc.jar","isSystem":false,"isOwn":false,"isTest":false,"isJavaContent":false},{"kind":"binary","path":"C:\\Users\\anutiwar\\.m2\\repository\\org\\springframework\\spring-context\\4.3.12.RELEASE\\spring-context-4.3.12.RELEASE.jar","sourceContainerUrl":"file:/C:/Users/anutiwar/.m2/repository/org/springframework/spring-context/4.3.12.RELEASE/spring-context-4.3.12.RELEASE-sources.jar","javadocContainerUrl":"file:/C:/Users/anutiwar/.m2/repository/org/springframework/spring-context/4.3.12.RELEASE/spring-context-4.3.12.RELEASE-javadoc.jar","isSystem":false,"isOwn":false,"isTest":false,"isJavaContent":false},{"kind":"binary","path":"C:\\Users\\anutiwar\\.m2\\repository\\org\\springframework\\spring-webmvc\\4.3.12.RELEASE\\spring-webmvc-4.3.12.RELEASE.jar","sourceContainerUrl":"file:/C:/Users/anutiwar/.m2/repository/org/springframework/spring-webmvc/4.3.12.RELEASE/spring-webmvc-4.3.12.RELEASE-sources.jar","javadocContainerUrl":"file:/C:/Users/anutiwar/.m2/repository/org/springframework/spring-webmvc/4.3.12.RELEASE/spring-webmvc-4.3.12.RELEASE-javadoc.jar","isSystem":false,"isOwn":false,"isTest":false,"isJavaContent":false},{"kind":"binary","path":"C:\\Users\\anutiwar\\.m2\\repository\\org\\springframework\\spring-expression\\4.3.12.RELEASE\\spring-expression-4.3.12.RELEASE.jar","sourceContainerUrl":"file:/C:/Users/anutiwar/.m2/repository/org/springframework/spring-expression/4.3.12.RELEASE/spring-expression-4.3.12.RELEASE-sources.jar","javadocContainerUrl":"file:/C:/Users/anutiwar/.m2/repository/org/springframework/spring-expression/4.3.12.RELEASE/spring-expression-4.3.12.RELEASE-javadoc.jar","isSystem":false,"isOwn":false,"isTest":false,"isJavaContent":false},{"kind":"binary","path":"C:\\Users\\anutiwar\\.m2\\repository\\org\\apache\\tomcat\\embed\\tomcat-embed-jasper\\8.5.23\\tomcat-embed-jasper-8.5.23.jar","sourceContainerUrl":"file:/C:/Users/anutiwar/.m2/repository/org/apache/tomcat/embed/tomcat-embed-jasper/8.5.23/tomcat-embed-jasper-8.5.23-sources.jar","isSystem":false,"isOwn":false,"isTest":false,"isJavaContent":false},{"kind":"binary","path":"C:\\Users\\anutiwar\\.m2\\repository\\org\\apache\\tomcat\\embed\\tomcat-embed-core\\8.5.23\\tomcat-embed-core-8.5.23.jar","sourceContainerUrl":"file:/C:/Users/anutiwar/.m2/repository/org/apache/tomcat/embed/tomcat-embed-core/8.5.23/tomcat-embed-core-8.5.23-sources.jar","isSystem":false,"isOwn":false,"isTest":false,"isJavaContent":false},{"kind":"binary","path":"C:\\Users\\anutiwar\\.m2\\repository\\org\\apache\\tomcat\\tomcat-annotations-api\\8.5.23\\tomcat-annotations-api-8.5.23.jar","sourceContainerUrl":"file:/C:/Users/anutiwar/.m2/repository/org/apache/tomcat/tomcat-annotations-api/8.5.23/tomcat-annotations-api-8.5.23-sources.jar","isSystem":false,"isOwn":false,"isTest":false,"isJavaContent":false},{"kind":"binary","path":"C:\\Users\\anutiwar\\.m2\\repository\\org\\apache\\tomcat\\embed\\tomcat-embed-el\\8.5.23\\tomcat-embed-el-8.5.23.jar","sourceContainerUrl":"file:/C:/Users/anutiwar/.m2/repository/org/apache/tomcat/embed/tomcat-embed-el/8.5.23/tomcat-embed-el-8.5.23-sources.jar","isSystem":false,"isOwn":false,"isTest":false,"isJavaContent":false},{"kind":"binary","path":"C:\\Users\\anutiwar\\.m2\\repository\\org\\eclipse\\jdt\\ecj\\3.12.3\\ecj-3.12.3.jar","sourceContainerUrl":"file:/C:/Users/anutiwar/.m2/repository/org/eclipse/jdt/ecj/3.12.3/ecj-3.12.3-sources.jar","javadocContainerUrl":"file:/C:/Users/anutiwar/.m2/repository/org/eclipse/jdt/ecj/3.12.3/ecj-3.12.3-javadoc.jar","isSystem":false,"isOwn":false,"isTest":false,"isJavaContent":false},{"kind":"binary","path":"C:\\Users\\anutiwar\\.m2\\repository\\org\\springframework\\boot\\spring-boot-starter-tomcat\\1.5.8.RELEASE\\spring-boot-starter-tomcat-1.5.8.RELEASE.jar","sourceContainerUrl":"file:/C:/Users/anutiwar/.m2/repository/org/springframework/boot/spring-boot-starter-tomcat/1.5.8.RELEASE/spring-boot-starter-tomcat-1.5.8.RELEASE-sources.jar","isSystem":false,"isOwn":false,"isTest":false,"isJavaContent":false},{"kind":"binary","path":"C:\\Users\\anutiwar\\.m2\\repository\\org\\apache\\tomcat\\embed\\tomcat-embed-websocket\\8.5.23\\tomcat-embed-websocket-8.5.23.jar","sourceContainerUrl":"file:/C:/Users/anutiwar/.m2/repository/org/apache/tomcat/embed/tomcat-embed-websocket/8.5.23/tomcat-embed-websocket-8.5.23-sources.jar","isSystem":false,"isOwn":false,"isTest":false,"isJavaContent":false},{"kind":"binary","path":"C:\\Users\\anutiwar\\.m2\\repository\\mysql\\mysql-connector-java\\8.0.18\\mysql-connector-java-8.0.18.jar","sourceContainerUrl":"file:/C:/Users/anutiwar/.m2/repository/mysql/mysql-connector-java/8.0.18/mysql-connector-java-8.0.18-sources.jar","isSystem":false,"isOwn":false,"isTest":false,"isJavaContent":false},{"kind":"binary","path":"C:\\Users\\anutiwar\\.m2\\repository\\com\\google\\protobuf\\protobuf-java\\3.6.1\\protobuf-java-3.6.1.jar","sourceContainerUrl":"file:/C:/Users/anutiwar/.m2/repository/com/google/protobuf/protobuf-java/3.6.1/protobuf-java-3.6.1-sources.jar","javadocContainerUrl":"file:/C:/Users/anutiwar/.m2/repository/com/google/protobuf/protobuf-java/3.6.1/protobuf-java-3.6.1-javadoc.jar","isSystem":false,"isOwn":false,"isTest":false,"isJavaContent":false},{"kind":"binary","path":"C:\\Users\\anutiwar\\.m2\\repository\\org\\springframework\\cloud\\spring-cloud-starter-oauth2\\2.2.0.RELEASE\\spring-cloud-starter-oauth2-2.2.0.RELEASE.jar","isSystem":false,"isOwn":false,"isTest":false,"isJavaContent":false},{"kind":"binary","path":"C:\\Users\\anutiwar\\.m2\\repository\\org\\springframework\\cloud\\spring-cloud-starter-security\\2.2.0.RELEASE\\spring-cloud-starter-security-2.2.0.RELEASE.jar","isSystem":false,"isOwn":false,"isTest":false,"isJavaContent":false},{"kind":"binary","path":"C:\\Users\\anutiwar\\.m2\\repository\\org\\springframework\\cloud\\spring-cloud-starter\\2.2.0.RELEASE\\spring-cloud-starter-2.2.0.RELEASE.jar","isSystem":false,"isOwn":false,"isTest":false,"isJavaContent":false},{"kind":"binary","path":"C:\\Users\\anutiwar\\.m2\\repository\\org\\springframework\\cloud\\spring-cloud-context\\2.2.0.RELEASE\\spring-cloud-context-2.2.0.RELEASE.jar","sourceContainerUrl":"file:/C:/Users/anutiwar/.m2/repository/org/springframework/cloud/spring-cloud-context/2.2.0.RELEASE/spring-cloud-context-2.2.0.RELEASE-sources.jar","javadocContainerUrl":"file:/C:/Users/anutiwar/.m2/repository/org/springframework/cloud/spring-cloud-context/2.2.0.RELEASE/spring-cloud-context-2.2.0.RELEASE-javadoc.jar","isSystem":false,"isOwn":false,"isTest":false,"isJavaContent":false},{"kind":"binary","path":"C:\\Users\\anutiwar\\.m2\\repository\\org\\springframework\\security\\spring-security-crypto\\4.2.3.RELEASE\\spring-security-crypto-4.2.3.RELEASE.jar","sourceContainerUrl":"file:/C:/Users/anutiwar/.m2/repository/org/springframework/security/spring-security-crypto/4.2.3.RELEASE/spring-security-crypto-4.2.3.RELEASE-sources.jar","javadocContainerUrl":"file:/C:/Users/anutiwar/.m2/repository/org/springframework/security/spring-security-crypto/4.2.3.RELEASE/spring-security-crypto-4.2.3.RELEASE-javadoc.jar","isSystem":false,"isOwn":false,"isTest":false,"isJavaContent":false},{"kind":"binary","path":"C:\\Users\\anutiwar\\.m2\\repository\\org\\springframework\\cloud\\spring-cloud-commons\\2.2.0.RELEASE\\spring-cloud-commons-2.2.0.RELEASE.jar","sourceContainerUrl":"file:/C:/Users/anutiwar/.m2/repository/org/springframework/cloud/spring-cloud-commons/2.2.0.RELEASE/spring-cloud-commons-2.2.0.RELEASE-sources.jar","javadocContainerUrl":"file:/C:/Users/anutiwar/.m2/repository/org/springframework/cloud/spring-cloud-commons/2.2.0.RELEASE/spring-cloud-commons-2.2.0.RELEASE-javadoc.jar","isSystem":false,"isOwn":false,"isTest":false,"isJavaContent":false},{"kind":"binary","path":"C:\\Users\\anutiwar\\.m2\\repository\\org\\springframework\\security\\spring-security-rsa\\1.0.7.RELEASE\\spring-security-rsa-1.0.7.RELEASE.jar","sourceContainerUrl":"file:/C:/Users/anutiwar/.m2/repository/org/springframework/security/spring-security-rsa/1.0.7.RELEASE/spring-security-rsa-1.0.7.RELEASE-sources.jar","javadocContainerUrl":"file:/C:/Users/anutiwar/.m2/repository/org/springframework/security/spring-security-rsa/1.0.7.RELEASE/spring-security-rsa-1.0.7.RELEASE-javadoc.jar","isSystem":false,"isOwn":false,"isTest":false,"isJavaContent":false},{"kind":"binary","path":"C:\\Users\\anutiwar\\.m2\\repository\\org\\springframework\\boot\\spring-boot-starter-actuator\\1.5.8.RELEASE\\spring-boot-starter-actuator-1.5.8.RELEASE.jar","sourceContainerUrl":"file:/C:/Users/anutiwar/.m2/repository/org/springframework/boot/spring-boot-starter-actuator/1.5.8.RELEASE/spring-boot-starter-actuator-1.5.8.RELEASE-sources.jar","isSystem":false,"isOwn":false,"isTest":false,"isJavaContent":false},{"kind":"binary","path":"C:\\Users\\anutiwar\\.m2\\repository\\org\\springframework\\boot\\spring-boot-actuator\\1.5.8.RELEASE\\spring-boot-actuator-1.5.8.RELEASE.jar","sourceContainerUrl":"file:/C:/Users/anutiwar/.m2/repository/org/springframework/boot/spring-boot-actuator/1.5.8.RELEASE/spring-boot-actuator-1.5.8.RELEASE-sources.jar","javadocContainerUrl":"file:/C:/Users/anutiwar/.m2/repository/org/springframework/boot/spring-boot-actuator/1.5.8.RELEASE/spring-boot-actuator-1.5.8.RELEASE-javadoc.jar","isSystem":false,"isOwn":false,"isTest":false,"isJavaContent":false},{"kind":"binary","path":"C:\\Users\\anutiwar\\.m2\\repository\\org\\springframework\\security\\oauth\\boot\\spring-security-oauth2-autoconfigure\\2.1.2.RELEASE\\spring-security-oauth2-autoconfigure-2.1.2.RELEASE.jar","sourceContainerUrl":"file:/C:/Users/anutiwar/.m2/repository/org/springframework/security/oauth/boot/spring-security-oauth2-autoconfigure/2.1.2.RELEASE/spring-security-oauth2-autoconfigure-2.1.2.RELEASE-sources.jar","javadocContainerUrl":"file:/C:/Users/anutiwar/.m2/repository/org/springframework/security/oauth/boot/spring-security-oauth2-autoconfigure/2.1.2.RELEASE/spring-security-oauth2-autoconfigure-2.1.2.RELEASE-javadoc.jar","isSystem":false,"isOwn":false,"isTest":false,"isJavaContent":false},{"kind":"binary","path":"C:\\Users\\anutiwar\\.m2\\repository\\com\\sun\\xml\\bind\\jaxb-core\\2.3.0.1\\jaxb-core-2.3.0.1.jar","sourceContainerUrl":"file:/C:/Users/anutiwar/.m2/repository/com/sun/xml/bind/jaxb-core/2.3.0.1/jaxb-core-2.3.0.1-sources.jar","javadocContainerUrl":"file:/C:/Users/anutiwar/.m2/repository/com/sun/xml/bind/jaxb-core/2.3.0.1/jaxb-core-2.3.0.1-javadoc.jar","isSystem":false,"isOwn":false,"isTest":false,"isJavaContent":false},{"kind":"binary","path":"C:\\Users\\anutiwar\\.m2\\repository\\com\\sun\\xml\\bind\\jaxb-impl\\2.3.0.1\\jaxb-impl-2.3.0.1.jar","sourceContainerUrl":"file:/C:/Users/anutiwar/.m2/repository/com/sun/xml/bind/jaxb-impl/2.3.0.1/jaxb-impl-2.3.0.1-sources.jar","javadocContainerUrl":"file:/C:/Users/anutiwar/.m2/repository/com/sun/xml/bind/jaxb-impl/2.3.0.1/jaxb-impl-2.3.0.1-javadoc.jar","isSystem":false,"isOwn":false,"isTest":false,"isJavaContent":false},{"kind":"binary","path":"C:\\Users\\anutiwar\\.m2\\repository\\javax\\xml\\bind\\jaxb-api\\2.4.0-b180830.0359\\jaxb-api-2.4.0-b180830.0359.jar","sourceContainerUrl":"file:/C:/Users/anutiwar/.m2/repository/javax/xml/bind/jaxb-api/2.4.0-b180830.0359/jaxb-api-2.4.0-b180830.0359-sources.jar","javadocContainerUrl":"file:/C:/Users/anutiwar/.m2/repository/javax/xml/bind/jaxb-api/2.4.0-b180830.0359/jaxb-api-2.4.0-b180830.0359-javadoc.jar","isSystem":false,"isOwn":false,"isTest":false,"isJavaContent":false},{"kind":"binary","path":"C:\\Users\\anutiwar\\.m2\\repository\\javax\\activation\\javax.activation-api\\1.2.0\\javax.activation-api-1.2.0.jar","sourceContainerUrl":"file:/C:/Users/anutiwar/.m2/repository/javax/activation/javax.activation-api/1.2.0/javax.activation-api-1.2.0-sources.jar","javadocContainerUrl":"file:/C:/Users/anutiwar/.m2/repository/javax/activation/javax.activation-api/1.2.0/javax.activation-api-1.2.0-javadoc.jar","isSystem":false,"isOwn":false,"isTest":false,"isJavaContent":false},{"kind":"binary","path":"C:\\Users\\anutiwar\\.m2\\repository\\org\\springframework\\security\\oauth\\spring-security-oauth2\\2.0.14.RELEASE\\spring-security-oauth2-2.0.14.RELEASE.jar","sourceContainerUrl":"file:/C:/Users/anutiwar/.m2/repository/org/springframework/security/oauth/spring-security-oauth2/2.0.14.RELEASE/spring-security-oauth2-2.0.14.RELEASE-sources.jar","javadocContainerUrl":"file:/C:/Users/anutiwar/.m2/repository/org/springframework/security/oauth/spring-security-oauth2/2.0.14.RELEASE/spring-security-oauth2-2.0.14.RELEASE-javadoc.jar","isSystem":false,"isOwn":false,"isTest":false,"isJavaContent":false},{"kind":"binary","path":"C:\\Users\\anutiwar\\.m2\\repository\\org\\springframework\\security\\spring-security-core\\4.2.3.RELEASE\\spring-security-core-4.2.3.RELEASE.jar","sourceContainerUrl":"file:/C:/Users/anutiwar/.m2/repository/org/springframework/security/spring-security-core/4.2.3.RELEASE/spring-security-core-4.2.3.RELEASE-sources.jar","javadocContainerUrl":"file:/C:/Users/anutiwar/.m2/repository/org/springframework/security/spring-security-core/4.2.3.RELEASE/spring-security-core-4.2.3.RELEASE-javadoc.jar","isSystem":false,"isOwn":false,"isTest":false,"isJavaContent":false},{"kind":"binary","path":"C:\\Users\\anutiwar\\.m2\\repository\\aopalliance\\aopalliance\\1.0\\aopalliance-1.0.jar","sourceContainerUrl":"file:/C:/Users/anutiwar/.m2/repository/aopalliance/aopalliance/1.0/aopalliance-1.0-sources.jar","isSystem":false,"isOwn":false,"isTest":false,"isJavaContent":false},{"kind":"binary","path":"C:\\Users\\anutiwar\\.m2\\repository\\commons-codec\\commons-codec\\1.10\\commons-codec-1.10.jar","sourceContainerUrl":"file:/C:/Users/anutiwar/.m2/repository/commons-codec/commons-codec/1.10/commons-codec-1.10-sources.jar","javadocContainerUrl":"file:/C:/Users/anutiwar/.m2/repository/commons-codec/commons-codec/1.10/commons-codec-1.10-javadoc.jar","isSystem":false,"isOwn":false,"isTest":false,"isJavaContent":false},{"kind":"binary","path":"C:\\Users\\anutiwar\\.m2\\repository\\org\\codehaus\\jackson\\jackson-mapper-asl\\1.9.13\\jackson-mapper-asl-1.9.13.jar","sourceContainerUrl":"file:/C:/Users/anutiwar/.m2/repository/org/codehaus/jackson/jackson-mapper-asl/1.9.13/jackson-mapper-asl-1.9.13-sources.jar","javadocContainerUrl":"file:/C:/Users/anutiwar/.m2/repository/org/codehaus/jackson/jackson-mapper-asl/1.9.13/jackson-mapper-asl-1.9.13-javadoc.jar","isSystem":false,"isOwn":false,"isTest":false,"isJavaContent":false},{"kind":"binary","path":"C:\\Users\\anutiwar\\.m2\\repository\\org\\codehaus\\jackson\\jackson-core-asl\\1.9.13\\jackson-core-asl-1.9.13.jar","sourceContainerUrl":"file:/C:/Users/anutiwar/.m2/repository/org/codehaus/jackson/jackson-core-asl/1.9.13/jackson-core-asl-1.9.13-sources.jar","javadocContainerUrl":"file:/C:/Users/anutiwar/.m2/repository/org/codehaus/jackson/jackson-core-asl/1.9.13/jackson-core-asl-1.9.13-javadoc.jar","isSystem":false,"isOwn":false,"isTest":false,"isJavaContent":false},{"kind":"binary","path":"C:\\Users\\anutiwar\\.m2\\repository\\org\\springframework\\security\\spring-security-jwt\\1.0.8.RELEASE\\spring-security-jwt-1.0.8.RELEASE.jar","sourceContainerUrl":"file:/C:/Users/anutiwar/.m2/repository/org/springframework/security/spring-security-jwt/1.0.8.RELEASE/spring-security-jwt-1.0.8.RELEASE-sources.jar","javadocContainerUrl":"file:/C:/Users/anutiwar/.m2/repository/org/springframework/security/spring-security-jwt/1.0.8.RELEASE/spring-security-jwt-1.0.8.RELEASE-javadoc.jar","isSystem":false,"isOwn":false,"isTest":false,"isJavaContent":false},{"kind":"binary","path":"C:\\Users\\anutiwar\\.m2\\repository\\org\\bouncycastle\\bcpkix-jdk15on\\1.56\\bcpkix-jdk15on-1.56.jar","sourceContainerUrl":"file:/C:/Users/anutiwar/.m2/repository/org/bouncycastle/bcpkix-jdk15on/1.56/bcpkix-jdk15on-1.56-sources.jar","javadocContainerUrl":"file:/C:/Users/anutiwar/.m2/repository/org/bouncycastle/bcpkix-jdk15on/1.56/bcpkix-jdk15on-1.56-javadoc.jar","isSystem":false,"isOwn":false,"isTest":false,"isJavaContent":false},{"kind":"binary","path":"C:\\Users\\anutiwar\\.m2\\repository\\org\\bouncycastle\\bcprov-jdk15on\\1.56\\bcprov-jdk15on-1.56.jar","sourceContainerUrl":"file:/C:/Users/anutiwar/.m2/repository/org/bouncycastle/bcprov-jdk15on/1.56/bcprov-jdk15on-1.56-sources.jar","javadocContainerUrl":"file:/C:/Users/anutiwar/.m2/repository/org/bouncycastle/bcprov-jdk15on/1.56/bcprov-jdk15on-1.56-javadoc.jar","isSystem":false,"isOwn":false,"isTest":false,"isJavaContent":false},{"kind":"binary","path":"C:\\Users\\anutiwar\\.m2\\repository\\org\\springframework\\cloud\\spring-cloud-security\\1.0.0.RELEASE\\spring-cloud-security-1.0.0.RELEASE.jar","sourceContainerUrl":"file:/C:/Users/anutiwar/.m2/repository/org/springframework/cloud/spring-cloud-security/1.0.0.RELEASE/spring-cloud-security-1.0.0.RELEASE-sources.jar","javadocContainerUrl":"file:/C:/Users/anutiwar/.m2/repository/org/springframework/cloud/spring-cloud-security/1.0.0.RELEASE/spring-cloud-security-1.0.0.RELEASE-javadoc.jar","isSystem":false,"isOwn":false,"isTest":false,"isJavaContent":false},{"kind":"binary","path":"C:\\Users\\anutiwar\\.m2\\repository\\org\\springframework\\boot\\spring-boot-starter-security\\1.5.8.RELEASE\\spring-boot-starter-security-1.5.8.RELEASE.jar","sourceContainerUrl":"file:/C:/Users/anutiwar/.m2/repository/org/springframework/boot/spring-boot-starter-security/1.5.8.RELEASE/spring-boot-starter-security-1.5.8.RELEASE-sources.jar","isSystem":false,"isOwn":false,"isTest":false,"isJavaContent":false},{"kind":"binary","path":"C:\\Users\\anutiwar\\.m2\\repository\\org\\springframework\\security\\spring-security-config\\4.2.3.RELEASE\\spring-security-config-4.2.3.RELEASE.jar","sourceContainerUrl":"file:/C:/Users/anutiwar/.m2/repository/org/springframework/security/spring-security-config/4.2.3.RELEASE/spring-security-config-4.2.3.RELEASE-sources.jar","javadocContainerUrl":"file:/C:/Users/anutiwar/.m2/repository/org/springframework/security/spring-security-config/4.2.3.RELEASE/spring-security-config-4.2.3.RELEASE-javadoc.jar","isSystem":false,"isOwn":false,"isTest":false,"isJavaContent":false},{"kind":"binary","path":"C:\\Users\\anutiwar\\.m2\\repository\\org\\springframework\\security\\spring-security-web\\4.2.3.RELEASE\\spring-security-web-4.2.3.RELEASE.jar","sourceContainerUrl":"file:/C:/Users/anutiwar/.m2/repository/org/springframework/security/spring-security-web/4.2.3.RELEASE/spring-security-web-4.2.3.RELEASE-sources.jar","javadocContainerUrl":"file:/C:/Users/anutiwar/.m2/repository/org/springframework/security/spring-security-web/4.2.3.RELEASE/spring-security-web-4.2.3.RELEASE-javadoc.jar","isSystem":false,"isOwn":false,"isTest":false,"isJavaContent":false},{"kind":"binary","path":"C:\\Users\\anutiwar\\.m2\\repository\\org\\springframework\\cloud\\spring-cloud-dependencies\\Greenwich.SR3\\spring-cloud-dependencies-Greenwich.SR3.pom","isSystem":false,"isOwn":false,"isTest":false,"isJavaContent":false},{"kind":"binary","path":"C:\\Users\\anutiwar\\.m2\\repository\\org\\slf4j\\slf4j-api\\1.7.25\\slf4j-api-1.7.25.jar","sourceContainerUrl":"file:/C:/Users/anutiwar/.m2/repository/org/slf4j/slf4j-api/1.7.25/slf4j-api-1.7.25-sources.jar","javadocContainerUrl":"file:/C:/Users/anutiwar/.m2/repository/org/slf4j/slf4j-api/1.7.25/slf4j-api-1.7.25-javadoc.jar","isSystem":false,"isOwn":false,"isTest":false,"isJavaContent":false},{"kind":"binary","path":"C:\\Users\\anutiwar\\.m2\\repository\\org\\springframework\\boot\\spring-boot-starter-test\\1.5.8.RELEASE\\spring-boot-starter-test-1.5.8.RELEASE.jar","sourceContainerUrl":"file:/C:/Users/anutiwar/.m2/repository/org/springframework/boot/spring-boot-starter-test/1.5.8.RELEASE/spring-boot-starter-test-1.5.8.RELEASE-sources.jar","isSystem":false,"isOwn":false,"isTest":false,"isJavaContent":false},{"kind":"binary","path":"C:\\Users\\anutiwar\\.m2\\repository\\org\\springframework\\boot\\spring-boot-test\\1.5.8.RELEASE\\spring-boot-test-1.5.8.RELEASE.jar","sourceContainerUrl":"file:/C:/Users/anutiwar/.m2/repository/org/springframework/boot/spring-boot-test/1.5.8.RELEASE/spring-boot-test-1.5.8.RELEASE-sources.jar","javadocContainerUrl":"file:/C:/Users/anutiwar/.m2/repository/org/springframework/boot/spring-boot-test/1.5.8.RELEASE/spring-boot-test-1.5.8.RELEASE-javadoc.jar","isSystem":false,"isOwn":false,"isTest":false,"isJavaContent":false},{"kind":"binary","path":"C:\\Users\\anutiwar\\.m2\\repository\\org\\springframework\\boot\\spring-boot-test-autoconfigure\\1.5.8.RELEASE\\spring-boot-test-autoconfigure-1.5.8.RELEASE.jar","sourceContainerUrl":"file:/C:/Users/anutiwar/.m2/repository/org/springframework/boot/spring-boot-test-autoconfigure/1.5.8.RELEASE/spring-boot-test-autoconfigure-1.5.8.RELEASE-sources.jar","javadocContainerUrl":"file:/C:/Users/anutiwar/.m2/repository/org/springframework/boot/spring-boot-test-autoconfigure/1.5.8.RELEASE/spring-boot-test-autoconfigure-1.5.8.RELEASE-javadoc.jar","isSystem":false,"isOwn":false,"isTest":false,"isJavaContent":false},{"kind":"binary","path":"C:\\Users\\anutiwar\\.m2\\repository\\com\\jayway\\jsonpath\\json-path\\2.2.0\\json-path-2.2.0.jar","sourceContainerUrl":"file:/C:/Users/anutiwar/.m2/repository/com/jayway/jsonpath/json-path/2.2.0/json-path-2.2.0-sources.jar","javadocContainerUrl":"file:/C:/Users/anutiwar/.m2/repository/com/jayway/jsonpath/json-path/2.2.0/json-path-2.2.0-javadoc.jar","isSystem":false,"isOwn":false,"isTest":false,"isJavaContent":false},{"kind":"binary","path":"C:\\Users\\anutiwar\\.m2\\repository\\net\\minidev\\json-smart\\2.2.1\\json-smart-2.2.1.jar","sourceContainerUrl":"file:/C:/Users/anutiwar/.m2/repository/net/minidev/json-smart/2.2.1/json-smart-2.2.1-sources.jar","javadocContainerUrl":"file:/C:/Users/anutiwar/.m2/repository/net/minidev/json-smart/2.2.1/json-smart-2.2.1-javadoc.jar","isSystem":false,"isOwn":false,"isTest":false,"isJavaContent":false},{"kind":"binary","path":"C:\\Users\\anutiwar\\.m2\\repository\\net\\minidev\\accessors-smart\\1.1\\accessors-smart-1.1.jar","sourceContainerUrl":"file:/C:/Users/anutiwar/.m2/repository/net/minidev/accessors-smart/1.1/accessors-smart-1.1-sources.jar","javadocContainerUrl":"file:/C:/Users/anutiwar/.m2/repository/net/minidev/accessors-smart/1.1/accessors-smart-1.1-javadoc.jar","isSystem":false,"isOwn":false,"isTest":false,"isJavaContent":false},{"kind":"binary","path":"C:\\Users\\anutiwar\\.m2\\repository\\org\\ow2\\asm\\asm\\5.0.3\\asm-5.0.3.jar","sourceContainerUrl":"file:/C:/Users/anutiwar/.m2/repository/org/ow2/asm/asm/5.0.3/asm-5.0.3-sources.jar","javadocContainerUrl":"file:/C:/Users/anutiwar/.m2/repository/org/ow2/asm/asm/5.0.3/asm-5.0.3-javadoc.jar","isSystem":false,"isOwn":false,"isTest":false,"isJavaContent":false},{"kind":"binary","path":"C:\\Users\\anutiwar\\.m2\\repository\\junit\\junit\\4.12\\junit-4.12.jar","sourceContainerUrl":"file:/C:/Users/anutiwar/.m2/repository/junit/junit/4.12/junit-4.12-sources.jar","javadocContainerUrl":"file:/C:/Users/anutiwar/.m2/repository/junit/junit/4.12/junit-4.12-javadoc.jar","isSystem":false,"isOwn":false,"isTest":false,"isJavaContent":false},{"kind":"binary","path":"C:\\Users\\anutiwar\\.m2\\repository\\org\\assertj\\assertj-core\\2.6.0\\assertj-core-2.6.0.jar","sourceContainerUrl":"file:/C:/Users/anutiwar/.m2/repository/org/assertj/assertj-core/2.6.0/assertj-core-2.6.0-sources.jar","javadocContainerUrl":"file:/C:/Users/anutiwar/.m2/repository/org/assertj/assertj-core/2.6.0/assertj-core-2.6.0-javadoc.jar","isSystem":false,"isOwn":false,"isTest":false,"isJavaContent":false},{"kind":"binary","path":"C:\\Users\\anutiwar\\.m2\\repository\\org\\mockito\\mockito-core\\1.10.19\\mockito-core-1.10.19.jar","sourceContainerUrl":"file:/C:/Users/anutiwar/.m2/repository/org/mockito/mockito-core/1.10.19/mockito-core-1.10.19-sources.jar","javadocContainerUrl":"file:/C:/Users/anutiwar/.m2/repository/org/mockito/mockito-core/1.10.19/mockito-core-1.10.19-javadoc.jar","isSystem":false,"isOwn":false,"isTest":false,"isJavaContent":false},{"kind":"binary","path":"C:\\Users\\anutiwar\\.m2\\repository\\org\\objenesis\\objenesis\\2.1\\objenesis-2.1.jar","sourceContainerUrl":"file:/C:/Users/anutiwar/.m2/repository/org/objenesis/objenesis/2.1/objenesis-2.1-sources.jar","javadocContainerUrl":"file:/C:/Users/anutiwar/.m2/repository/org/objenesis/objenesis/2.1/objenesis-2.1-javadoc.jar","isSystem":false,"isOwn":false,"isTest":false,"isJavaContent":false},{"kind":"binary","path":"C:\\Users\\anutiwar\\.m2\\repository\\org\\hamcrest\\hamcrest-core\\1.3\\hamcrest-core-1.3.jar","sourceContainerUrl":"file:/C:/Users/anutiwar/.m2/repository/org/hamcrest/hamcrest-core/1.3/hamcrest-core-1.3-sources.jar","javadocContainerUrl":"file:/C:/Users/anutiwar/.m2/repository/org/hamcrest/hamcrest-core/1.3/hamcrest-core-1.3-javadoc.jar","isSystem":false,"isOwn":false,"isTest":false,"isJavaContent":false},{"kind":"binary","path":"C:\\Users\\anutiwar\\.m2\\repository\\org\\hamcrest\\hamcrest-library\\1.3\\hamcrest-library-1.3.jar","sourceContainerUrl":"file:/C:/Users/anutiwar/.m2/repository/org/hamcrest/hamcrest-library/1.3/hamcrest-library-1.3-sources.jar","javadocContainerUrl":"file:/C:/Users/anutiwar/.m2/repository/org/hamcrest/hamcrest-library/1.3/hamcrest-library-1.3-javadoc.jar","isSystem":false,"isOwn":false,"isTest":false,"isJavaContent":false},{"kind":"binary","path":"C:\\Users\\anutiwar\\.m2\\repository\\org\\skyscreamer\\jsonassert\\1.4.0\\jsonassert-1.4.0.jar","sourceContainerUrl":"file:/C:/Users/anutiwar/.m2/repository/org/skyscreamer/jsonassert/1.4.0/jsonassert-1.4.0-sources.jar","javadocContainerUrl":"file:/C:/Users/anutiwar/.m2/repository/org/skyscreamer/jsonassert/1.4.0/jsonassert-1.4.0-javadoc.jar","isSystem":false,"isOwn":false,"isTest":false,"isJavaContent":false},{"kind":"binary","path":"C:\\Users\\anutiwar\\.m2\\repository\\com\\vaadin\\external\\google\\android-json\\0.0.20131108.vaadin1\\android-json-0.0.20131108.vaadin1.jar","sourceContainerUrl":"file:/C:/Users/anutiwar/.m2/repository/com/vaadin/external/google/android-json/0.0.20131108.vaadin1/android-json-0.0.20131108.vaadin1-sources.jar","javadocContainerUrl":"file:/C:/Users/anutiwar/.m2/repository/com/vaadin/external/google/android-json/0.0.20131108.vaadin1/android-json-0.0.20131108.vaadin1-javadoc.jar","isSystem":false,"isOwn":false,"isTest":false,"isJavaContent":false},{"kind":"binary","path":"C:\\Users\\anutiwar\\.m2\\repository\\org\\springframework\\spring-core\\4.3.12.RELEASE\\spring-core-4.3.12.RELEASE.jar","sourceContainerUrl":"file:/C:/Users/anutiwar/.m2/repository/org/springframework/spring-core/4.3.12.RELEASE/spring-core-4.3.12.RELEASE-sources.jar","javadocContainerUrl":"file:/C:/Users/anutiwar/.m2/repository/org/springframework/spring-core/4.3.12.RELEASE/spring-core-4.3.12.RELEASE-javadoc.jar","isSystem":false,"isOwn":false,"isTest":false,"isJavaContent":false},{"kind":"binary","path":"C:\\Users\\anutiwar\\.m2\\repository\\org\\springframework\\spring-test\\4.3.12.RELEASE\\spring-test-4.3.12.RELEASE.jar","sourceContainerUrl":"file:/C:/Users/anutiwar/.m2/repository/org/springframework/spring-test/4.3.12.RELEASE/spring-test-4.3.12.RELEASE-sources.jar","javadocContainerUrl":"file:/C:/Users/anutiwar/.m2/repository/org/springframework/spring-test/4.3.12.RELEASE/spring-test-4.3.12.RELEASE-javadoc.jar","isSystem":false,"isOwn":false,"isTest":false,"isJavaContent":false},{"kind":"binary","path":"C:\\Users\\anutiwar\\.m2\\repository\\org\\springframework\\boot\\spring-boot-starter-data-jpa\\1.5.8.RELEASE\\spring-boot-starter-data-jpa-1.5.8.RELEASE.jar","sourceContainerUrl":"file:/C:/Users/anutiwar/.m2/repository/org/springframework/boot/spring-boot-starter-data-jpa/1.5.8.RELEASE/spring-boot-starter-data-jpa-1.5.8.RELEASE-sources.jar","isSystem":false,"isOwn":false,"isTest":false,"isJavaContent":false},{"kind":"binary","path":"C:\\Users\\anutiwar\\.m2\\repository\\org\\springframework\\boot\\spring-boot-starter-aop\\1.5.8.RELEASE\\spring-boot-starter-aop-1.5.8.RELEASE.jar","sourceContainerUrl":"file:/C:/Users/anutiwar/.m2/repository/org/springframework/boot/spring-boot-starter-aop/1.5.8.RELEASE/spring-boot-starter-aop-1.5.8.RELEASE-sources.jar","isSystem":false,"isOwn":false,"isTest":false,"isJavaContent":false},{"kind":"binary","path":"C:\\Users\\anutiwar\\.m2\\repository\\org\\aspectj\\aspectjweaver\\1.8.11\\aspectjweaver-1.8.11.jar","sourceContainerUrl":"file:/C:/Users/anutiwar/.m2/repository/org/aspectj/aspectjweaver/1.8.11/aspectjweaver-1.8.11-sources.jar","javadocContainerUrl":"file:/C:/Users/anutiwar/.m2/repository/org/aspectj/aspectjweaver/1.8.11/aspectjweaver-1.8.11-javadoc.jar","isSystem":false,"isOwn":false,"isTest":false,"isJavaContent":false},{"kind":"binary","path":"C:\\Users\\anutiwar\\.m2\\repository\\org\\springframework\\boot\\spring-boot-starter-jdbc\\1.5.8.RELEASE\\spring-boot-starter-jdbc-1.5.8.RELEASE.jar","sourceContainerUrl":"file:/C:/Users/anutiwar/.m2/repository/org/springframework/boot/spring-boot-starter-jdbc/1.5.8.RELEASE/spring-boot-starter-jdbc-1.5.8.RELEASE-sources.jar","isSystem":false,"isOwn":false,"isTest":false,"isJavaContent":false},{"kind":"binary","path":"C:\\Users\\anutiwar\\.m2\\repository\\org\\apache\\tomcat\\tomcat-jdbc\\8.5.23\\tomcat-jdbc-8.5.23.jar","sourceContainerUrl":"file:/C:/Users/anutiwar/.m2/repository/org/apache/tomcat/tomcat-jdbc/8.5.23/tomcat-jdbc-8.5.23-sources.jar","isSystem":false,"isOwn":false,"isTest":false,"isJavaContent":false},{"kind":"binary","path":"C:\\Users\\anutiwar\\.m2\\repository\\org\\apache\\tomcat\\tomcat-juli\\8.5.23\\tomcat-juli-8.5.23.jar","sourceContainerUrl":"file:/C:/Users/anutiwar/.m2/repository/org/apache/tomcat/tomcat-juli/8.5.23/tomcat-juli-8.5.23-sources.jar","isSystem":false,"isOwn":false,"isTest":false,"isJavaContent":false},{"kind":"binary","path":"C:\\Users\\anutiwar\\.m2\\repository\\org\\hibernate\\hibernate-core\\5.0.12.Final\\hibernate-core-5.0.12.Final.jar","sourceContainerUrl":"file:/C:/Users/anutiwar/.m2/repository/org/hibernate/hibernate-core/5.0.12.Final/hibernate-core-5.0.12.Final-sources.jar","isSystem":false,"isOwn":false,"isTest":false,"isJavaContent":false},{"kind":"binary","path":"C:\\Users\\anutiwar\\.m2\\repository\\org\\hibernate\\javax\\persistence\\hibernate-jpa-2.1-api\\1.0.0.Final\\hibernate-jpa-2.1-api-1.0.0.Final.jar","sourceContainerUrl":"file:/C:/Users/anutiwar/.m2/repository/org/hibernate/javax/persistence/hibernate-jpa-2.1-api/1.0.0.Final/hibernate-jpa-2.1-api-1.0.0.Final-sources.jar","javadocContainerUrl":"file:/C:/Users/anutiwar/.m2/repository/org/hibernate/javax/persistence/hibernate-jpa-2.1-api/1.0.0.Final/hibernate-jpa-2.1-api-1.0.0.Final-javadoc.jar","isSystem":false,"isOwn":false,"isTest":false,"isJavaContent":false},{"kind":"binary","path":"C:\\Users\\anutiwar\\.m2\\repository\\org\\javassist\\javassist\\3.21.0-GA\\javassist-3.21.0-GA.jar","sourceContainerUrl":"file:/C:/Users/anutiwar/.m2/repository/org/javassist/javassist/3.21.0-GA/javassist-3.21.0-GA-sources.jar","javadocContainerUrl":"file:/C:/Users/anutiwar/.m2/repository/org/javassist/javassist/3.21.0-GA/javassist-3.21.0-GA-javadoc.jar","isSystem":false,"isOwn":false,"isTest":false,"isJavaContent":false},{"kind":"binary","path":"C:\\Users\\anutiwar\\.m2\\repository\\antlr\\antlr\\2.7.7\\antlr-2.7.7.jar","isSystem":false,"isOwn":false,"isTest":false,"isJavaContent":false},{"kind":"binary","path":"C:\\Users\\anutiwar\\.m2\\repository\\org\\jboss\\jandex\\2.0.0.Final\\jandex-2.0.0.Final.jar","sourceContainerUrl":"file:/C:/Users/anutiwar/.m2/repository/org/jboss/jandex/2.0.0.Final/jandex-2.0.0.Final-sources.jar","isSystem":false,"isOwn":false,"isTest":false,"isJavaContent":false},{"kind":"binary","path":"C:\\Users\\anutiwar\\.m2\\repository\\dom4j\\dom4j\\1.6.1\\dom4j-1.6.1.jar","sourceContainerUrl":"file:/C:/Users/anutiwar/.m2/repository/dom4j/dom4j/1.6.1/dom4j-1.6.1-sources.jar","isSystem":false,"isOwn":false,"isTest":false,"isJavaContent":false},{"kind":"binary","path":"C:\\Users\\anutiwar\\.m2\\repository\\org\\hibernate\\common\\hibernate-commons-annotations\\5.0.1.Final\\hibernate-commons-annotations-5.0.1.Final.jar","sourceContainerUrl":"file:/C:/Users/anutiwar/.m2/repository/org/hibernate/common/hibernate-commons-annotations/5.0.1.Final/hibernate-commons-annotations-5.0.1.Final-sources.jar","isSystem":false,"isOwn":false,"isTest":false,"isJavaContent":false},{"kind":"binary","path":"C:\\Users\\anutiwar\\.m2\\repository\\org\\hibernate\\hibernate-entitymanager\\5.0.12.Final\\hibernate-entitymanager-5.0.12.Final.jar","sourceContainerUrl":"file:/C:/Users/anutiwar/.m2/repository/org/hibernate/hibernate-entitymanager/5.0.12.Final/hibernate-entitymanager-5.0.12.Final-sources.jar","isSystem":false,"isOwn":false,"isTest":false,"isJavaContent":false},{"kind":"binary","path":"C:\\Users\\anutiwar\\.m2\\repository\\javax\\transaction\\javax.transaction-api\\1.2\\javax.transaction-api-1.2.jar","sourceContainerUrl":"file:/C:/Users/anutiwar/.m2/repository/javax/transaction/javax.transaction-api/1.2/javax.transaction-api-1.2-sources.jar","javadocContainerUrl":"file:/C:/Users/anutiwar/.m2/repository/javax/transaction/javax.transaction-api/1.2/javax.transaction-api-1.2-javadoc.jar","isSystem":false,"isOwn":false,"isTest":false,"isJavaContent":false},{"kind":"binary","path":"C:\\Users\\anutiwar\\.m2\\repository\\org\\springframework\\data\\spring-data-jpa\\1.11.8.RELEASE\\spring-data-jpa-1.11.8.RELEASE.jar","sourceContainerUrl":"file:/C:/Users/anutiwar/.m2/repository/org/springframework/data/spring-data-jpa/1.11.8.RELEASE/spring-data-jpa-1.11.8.RELEASE-sources.jar","javadocContainerUrl":"file:/C:/Users/anutiwar/.m2/repository/org/springframework/data/spring-data-jpa/1.11.8.RELEASE/spring-data-jpa-1.11.8.RELEASE-javadoc.jar","isSystem":false,"isOwn":false,"isTest":false,"isJavaContent":false},{"kind":"binary","path":"C:\\Users\\anutiwar\\.m2\\repository\\org\\springframework\\data\\spring-data-commons\\1.13.8.RELEASE\\spring-data-commons-1.13.8.RELEASE.jar","sourceContainerUrl":"file:/C:/Users/anutiwar/.m2/repository/org/springframework/data/spring-data-commons/1.13.8.RELEASE/spring-data-commons-1.13.8.RELEASE-sources.jar","javadocContainerUrl":"file:/C:/Users/anutiwar/.m2/repository/org/springframework/data/spring-data-commons/1.13.8.RELEASE/spring-data-commons-1.13.8.RELEASE-javadoc.jar","isSystem":false,"isOwn":false,"isTest":false,"isJavaContent":false},{"kind":"binary","path":"C:\\Users\\anutiwar\\.m2\\repository\\org\\springframework\\spring-orm\\4.3.12.RELEASE\\spring-orm-4.3.12.RELEASE.jar","sourceContainerUrl":"file:/C:/Users/anutiwar/.m2/repository/org/springframework/spring-orm/4.3.12.RELEASE/spring-orm-4.3.12.RELEASE-sources.jar","javadocContainerUrl":"file:/C:/Users/anutiwar/.m2/repository/org/springframework/spring-orm/4.3.12.RELEASE/spring-orm-4.3.12.RELEASE-javadoc.jar","isSystem":false,"isOwn":false,"isTest":false,"isJavaContent":false},{"kind":"binary","path":"C:\\Users\\anutiwar\\.m2\\repository\\org\\slf4j\\jcl-over-slf4j\\1.7.25\\jcl-over-slf4j-1.7.25.jar","sourceContainerUrl":"file:/C:/Users/anutiwar/.m2/repository/org/slf4j/jcl-over-slf4j/1.7.25/jcl-over-slf4j-1.7.25-sources.jar","javadocContainerUrl":"file:/C:/Users/anutiwar/.m2/repository/org/slf4j/jcl-over-slf4j/1.7.25/jcl-over-slf4j-1.7.25-javadoc.jar","isSystem":false,"isOwn":false,"isTest":false,"isJavaContent":false},{"kind":"binary","path":"C:\\Users\\anutiwar\\.m2\\repository\\org\\springframework\\spring-aspects\\4.3.12.RELEASE\\spring-aspects-4.3.12.RELEASE.jar","sourceContainerUrl":"file:/C:/Users/anutiwar/.m2/repository/org/springframework/spring-aspects/4.3.12.RELEASE/spring-aspects-4.3.12.RELEASE-sources.jar","javadocContainerUrl":"file:/C:/Users/anutiwar/.m2/repository/org/springframework/spring-aspects/4.3.12.RELEASE/spring-aspects-4.3.12.RELEASE-javadoc.jar","isSystem":false,"isOwn":false,"isTest":false,"isJavaContent":false},{"kind":"binary","path":"C:\\Users\\anutiwar\\.m2\\repository\\javax\\servlet\\jstl\\1.2\\jstl-1.2.jar","sourceContainerUrl":"file:/C:/Users/anutiwar/.m2/repository/javax/servlet/jstl/1.2/jstl-1.2-sources.jar","isSystem":false,"isOwn":false,"isTest":false,"isJavaContent":false},{"kind":"binary","path":"C:\\Users\\anutiwar\\.m2\\repository\\javax\\servlet\\servlet-api\\2.5\\servlet-api-2.5.jar","sourceContainerUrl":"file:/C:/Users/anutiwar/.m2/repository/javax/servlet/servlet-api/2.5/servlet-api-2.5-sources.jar","isSystem":false,"isOwn":false,"isTest":false,"isJavaContent":false},{"kind":"binary","path":"C:\\Users\\anutiwar\\.m2\\repository\\org\\springframework\\spring-jdbc\\4.3.12.RELEASE\\spring-jdbc-4.3.12.RELEASE.jar","sourceContainerUrl":"file:/C:/Users/anutiwar/.m2/repository/org/springframework/spring-jdbc/4.3.12.RELEASE/spring-jdbc-4.3.12.RELEASE-sources.jar","javadocContainerUrl":"file:/C:/Users/anutiwar/.m2/repository/org/springframework/spring-jdbc/4.3.12.RELEASE/spring-jdbc-4.3.12.RELEASE-javadoc.jar","isSystem":false,"isOwn":false,"isTest":false,"isJavaContent":false},{"kind":"binary","path":"C:\\Users\\anutiwar\\.m2\\repository\\org\\springframework\\spring-beans\\4.3.12.RELEASE\\spring-beans-4.3.12.RELEASE.jar","sourceContainerUrl":"file:/C:/Users/anutiwar/.m2/repository/org/springframework/spring-beans/4.3.12.RELEASE/spring-beans-4.3.12.RELEASE-sources.jar","javadocContainerUrl":"file:/C:/Users/anutiwar/.m2/repository/org/springframework/spring-beans/4.3.12.RELEASE/spring-beans-4.3.12.RELEASE-javadoc.jar","isSystem":false,"isOwn":false,"isTest":false,"isJavaContent":false},{"kind":"binary","path":"C:\\Users\\anutiwar\\.m2\\repository\\org\\springframework\\spring-tx\\4.3.12.RELEASE\\spring-tx-4.3.12.RELEASE.jar","sourceContainerUrl":"file:/C:/Users/anutiwar/.m2/repository/org/springframework/spring-tx/4.3.12.RELEASE/spring-tx-4.3.12.RELEASE-sources.jar","javadocContainerUrl":"file:/C:/Users/anutiwar/.m2/repository/org/springframework/spring-tx/4.3.12.RELEASE/spring-tx-4.3.12.RELEASE-javadoc.jar","isSystem":false,"isOwn":false,"isTest":false,"isJavaContent":false},{"kind":"binary","path":"C:\\Users\\anutiwar\\.m2\\repository\\org\\springframework\\boot\\spring-boot-devtools\\1.5.8.RELEASE\\spring-boot-devtools-1.5.8.RELEASE.jar","sourceContainerUrl":"file:/C:/Users/anutiwar/.m2/repository/org/springframework/boot/spring-boot-devtools/1.5.8.RELEASE/spring-boot-devtools-1.5.8.RELEASE-sources.jar","javadocContainerUrl":"file:/C:/Users/anutiwar/.m2/repository/org/springframework/boot/spring-boot-devtools/1.5.8.RELEASE/spring-boot-devtools-1.5.8.RELEASE-javadoc.jar","isSystem":false,"isOwn":false,"isTest":false,"isJavaContent":false},{"kind":"binary","path":"C:\\Users\\anutiwar\\.m2\\repository\\org\\springframework\\boot\\spring-boot\\1.5.8.RELEASE\\spring-boot-1.5.8.RELEASE.jar","sourceContainerUrl":"file:/C:/Users/anutiwar/.m2/repository/org/springframework/boot/spring-boot/1.5.8.RELEASE/spring-boot-1.5.8.RELEASE-sources.jar","javadocContainerUrl":"file:/C:/Users/anutiwar/.m2/repository/org/springframework/boot/spring-boot/1.5.8.RELEASE/spring-boot-1.5.8.RELEASE-javadoc.jar","isSystem":false,"isOwn":false,"isTest":false,"isJavaContent":false},{"kind":"binary","path":"C:\\Users\\anutiwar\\.m2\\repository\\org\\springframework\\boot\\spring-boot-autoconfigure\\1.5.8.RELEASE\\spring-boot-autoconfigure-1.5.8.RELEASE.jar","sourceContainerUrl":"file:/C:/Users/anutiwar/.m2/repository/org/springframework/boot/spring-boot-autoconfigure/1.5.8.RELEASE/spring-boot-autoconfigure-1.5.8.RELEASE-sources.jar","javadocContainerUrl":"file:/C:/Users/anutiwar/.m2/repository/org/springframework/boot/spring-boot-autoconfigure/1.5.8.RELEASE/spring-boot-autoconfigure-1.5.8.RELEASE-javadoc.jar","isSystem":false,"isOwn":false,"isTest":false,"isJavaContent":false},{"kind":"source","path":"C:\\Users\\anutiwar\\Downloads\\Siddhant\\MyApplication\\src\\main\\java","outputFolder":"C:\\Users\\anutiwar\\Downloads\\Siddhant\\MyApplication\\target\\classes","javadocContainerUrl":"file:/C:/Users/anutiwar/Downloads/Siddhant/MyApplication/target/site/apidocs","isSystem":false,"isOwn":true,"isTest":false,"isJavaContent":true},{"kind":"source","path":"C:\\Users\\anutiwar\\Downloads\\Siddhant\\MyApplication\\src\\test\\java","outputFolder":"C:\\Users\\anutiwar\\Downloads\\Siddhant\\MyApplication\\target\\test-classes","javadocContainerUrl":"file:/C:/Users/anutiwar/Downloads/Siddhant/MyApplication/target/site/apidocs","isSystem":false,"isOwn":true,"isTest":true,"isJavaContent":true},{"kind":"source","path":"C:\\Users\\anutiwar\\Downloads\\Siddhant\\MyApplication\\src\\main\\resources","outputFolder":"C:\\Users\\anutiwar\\Downloads\\Siddhant\\MyApplication\\target\\classes","isSystem":false,"isOwn":true,"isTest":false,"isJavaContent":false},{"kind":"source","path":"C:\\Users\\anutiwar\\Downloads\\Siddhant\\MyApplication\\src\\test\\resources","outputFolder":"C:\\Users\\anutiwar\\Downloads\\Siddhant\\MyApplication\\target\\test-classes","isSystem":false,"isOwn":true,"isTest":true,"isJavaContent":false},{"kind":"source","path":"C:\\Users\\anutiwar\\Downloads\\Siddhant\\MyApplication\\src\\test\\java","outputFolder":"C:\\Users\\anutiwar\\Downloads\\Siddhant\\MyApplication\\target\\test-classes","javadocContainerUrl":"file:/C:/Users/anutiwar/Downloads/Siddhant/MyApplication/target/site/apidocs","isSystem":false,"isOwn":true,"isTest":false,"isJavaContent":false}]}